Region,Longitude,Latitude
Active_Magnetic_Arc_1,-73.94364101,-13.30417023
Active_Magnetic_Arc_1,-73.73404971,-13.28869198
Active_Magnetic_Arc_1,-73.6576252,-13.19003023
Active_Magnetic_Arc_1,-73.66665133,-13.07453443
Active_Magnetic_Arc_1,-73.67567134,-12.95897417
Active_Magnetic_Arc_1,-73.71318173,-12.83770569
Active_Magnetic_Arc_1,-73.81254707,-12.73253161
Active_Magnetic_Arc_1,-73.8835911,-12.63276231
Active_Magnetic_Arc_1,-73.92202921,-12.51039072
Active_Magnetic_Arc_1,-74.03157937,-12.45964651
Active_Magnetic_Arc_1,-74.14117191,-12.40881891
Active_Magnetic_Arc_1,-74.25547906,-12.38568277
Active_Magnetic_Arc_1,-74.39420886,-12.3285058
Active_Magnetic_Arc_1,-74.51822081,-12.36062077
Active_Magnetic_Arc_1,-74.63811924,-12.36452396
Active_Magnetic_Arc_1,-74.70976179,-12.43597989
Active_Magnetic_Arc_1,-74.81131222,-12.50061857
Active_Magnetic_Arc_1,-74.91328256,-12.56500535
Active_Magnetic_Arc_1,-74.96219767,-12.66921492
Active_Magnetic_Arc_1,-75.01199404,-12.77281516
Active_Magnetic_Arc_1,-75.03796414,-12.90992378
Active_Magnetic_Arc_1,-75.02968448,-13.02566339
Active_Magnetic_Arc_1,-74.99217138,-13.14751152
Active_Magnetic_Arc_1,-74.90946765,-13.19348181
Active_Magnetic_Arc_1,-74.7925254,-13.21807259
Active_Magnetic_Arc_1,-74.72003191,-13.31877114
Active_Magnetic_Arc_1,-74.68180638,-13.44066984
Active_Magnetic_Arc_1,-74.68685158,-13.46808723
Active_Magnetic_Arc_1,-74.63123014,-13.54250218
Active_Magnetic_Arc_1,-74.62889802,-13.58176642
Active_Magnetic_Arc_1,-74.63626188,-13.61916824
Active_Magnetic_Arc_1,-74.64361932,-13.65657084
Active_Magnetic_Arc_1,-74.64311827,-13.70517703
Active_Magnetic_Arc_1,-74.66016135,-13.74072762
Active_Magnetic_Arc_1,-74.6790351,-13.78562974
Active_Magnetic_Arc_1,-74.68820709,-13.83238384
Active_Magnetic_Arc_1,-74.69554798,-13.86978284
Active_Magnetic_Arc_1,-74.66038381,-13.89589216
Active_Magnetic_Arc_1,-74.62155681,-13.90329558
Active_Magnetic_Arc_1,-74.56333,-13.91438564
Active_Magnetic_Arc_1,-74.52451962,-13.92177312
Active_Magnetic_Arc_1,-74.48936872,-13.94783832
Active_Magnetic_Arc_1,-74.48515254,-13.9777096
Active_Magnetic_Arc_1,-74.4536184,-14.02243676
Active_Magnetic_Arc_1,-74.42024279,-14.05782422
Active_Magnetic_Arc_1,-74.38513026,-14.08382271
Active_Magnetic_Arc_1,-74.34818235,-14.10047931
Active_Magnetic_Arc_1,-74.30339187,-14.1282779
Active_Magnetic_Arc_1,-74.27015463,-14.16356381
Active_Magnetic_Arc_1,-74.23688564,-14.19883603
Active_Magnetic_Arc_1,-74.20177323,-14.22477341
Active_Magnetic_Arc_1,-74.16857115,-14.25999793
Active_Magnetic_Arc_1,-74.14330878,-14.2840406
Active_Magnetic_Arc_1,-74.10840107,-14.3098743
Active_Magnetic_Arc_1,-74.08309971,-14.33391425
Active_Magnetic_Arc_1,-74.03841031,-14.36156805
Active_Magnetic_Arc_1,-73.99553339,-14.39853161
Active_Magnetic_Arc_1,-73.97017207,-14.42256353
Active_Magnetic_Arc_1,-73.93698437,-14.45769804
Active_Magnetic_Arc_1,-73.90197552,-14.48350069
Active_Magnetic_Arc_1,-73.8802623,-14.52614288
Active_Magnetic_Arc_1,-73.84706384,-14.56124337
Active_Magnetic_Arc_1,-73.82169446,-14.58521885
Active_Magnetic_Arc_1,-73.77691144,-14.61278638
Active_Magnetic_Arc_1,-73.74181535,-14.63855131
Active_Magnetic_Arc_1,-73.70863657,-14.6736055
Active_Magnetic_Arc_1,-73.68890526,-14.72545744
Active_Magnetic_Arc_1,-73.65583652,-14.76046345
Active_Magnetic_Arc_1,-73.61484956,-14.80655117
Active_Magnetic_Arc_1,-73.58952136,-14.83047346
Active_Magnetic_Arc_1,-73.54669658,-14.86722924
Active_Magnetic_Arc_1,-73.5038644,-14.90397091
Active_Magnetic_Arc_1,-73.4785245,-14.9278697
Active_Magnetic_Arc_1,-73.43562249,-14.96459
Active_Magnetic_Arc_1,-73.41024155,-14.98847495
Active_Magnetic_Arc_1,-73.35584933,-15.01761251
Active_Magnetic_Arc_1,-73.31112851,-15.04498052
Active_Magnetic_Arc_1,-73.28754802,-15.07813885
Active_Magnetic_Arc_1,-73.26215881,-15.10198696
Active_Magnetic_Arc_1,-73.22120461,-15.14793779
Active_Magnetic_Arc_1,-73.18030716,-15.19389293
Active_Magnetic_Arc_1,-73.12603015,-15.22296132
Active_Magnetic_Arc_1,-73.07982599,-15.24102232
Active_Magnetic_Arc_1,-73.03359755,-15.25908448
Active_Magnetic_Arc_1,-72.99696155,-15.27539524
Active_Magnetic_Arc_1,-72.9621334,-15.30102527
Active_Magnetic_Arc_1,-72.91550255,-15.31896903
Active_Magnetic_Arc_1,-72.88209612,-15.35376653
Active_Magnetic_Arc_1,-72.83545111,-15.37166373
Active_Magnetic_Arc_1,-72.79672215,-15.37853077
Active_Magnetic_Arc_1,-72.74049832,-15.39815221
Active_Magnetic_Arc_1,-72.67290203,-15.41021457
Active_Magnetic_Arc_1,-72.63604486,-15.42639128
Active_Magnetic_Arc_1,-72.58775907,-15.43498529
Active_Magnetic_Arc_1,-72.54912926,-15.44185223
Active_Magnetic_Arc_1,-72.51226774,-15.45800535
Active_Magnetic_Arc_1,-72.47363626,-15.46485824
Active_Magnetic_Arc_1,-72.42179235,-15.45479852
Active_Magnetic_Arc_1,-72.37960076,-15.44300985
Active_Magnetic_Arc_1,-72.33563619,-15.42189752
Active_Magnetic_Arc_1,-72.29168844,-15.40078032
Active_Magnetic_Arc_1,-72.25741234,-15.37796193
Active_Magnetic_Arc_1,-72.21702996,-15.37544247
Active_Magnetic_Arc_1,-72.16524018,-15.36530705
Active_Magnetic_Arc_1,-72.11522984,-15.36446302
Active_Magnetic_Arc_1,-72.05558668,-15.36530952
Active_Magnetic_Arc_1,-72.00559843,-15.36448385
Active_Magnetic_Arc_1,-71.95385517,-15.35434649
Active_Magnetic_Arc_1,-71.92140809,-15.34081969
Active_Magnetic_Arc_1,-71.89247036,-15.34588956
Active_Magnetic_Arc_1,-71.84773946,-15.3729337
Active_Magnetic_Arc_1,-71.80299751,-15.3999682
Active_Magnetic_Arc_1,-71.80209547,-15.44815878
Active_Magnetic_Arc_1,-71.78802866,-15.47944946
Active_Magnetic_Arc_1,-71.77742283,-15.5294183
Active_Magnetic_Arc_1,-71.75542672,-15.57172105
Active_Magnetic_Arc_1,-71.73167749,-15.60470762
Active_Magnetic_Arc_1,-71.68508645,-15.62246738
Active_Magnetic_Arc_1,-71.64813894,-15.63855281
Active_Magnetic_Arc_1,-71.60323943,-15.66564444
Active_Magnetic_Arc_1,-71.56452962,-15.67240297
Active_Magnetic_Arc_1,-71.53549161,-15.67746744
Active_Magnetic_Arc_1,-71.4500714,-15.70197513
Active_Magnetic_Arc_1,-71.41304739,-15.71804237
Active_Magnetic_Arc_1,-71.37428286,-15.72478375
Active_Magnetic_Arc_1,-71.32929434,-15.7518233
Active_Magnetic_Arc_1,-71.30022754,-15.75684282
Active_Magnetic_Arc_1,-71.26319366,-15.77285753
Active_Magnetic_Arc_1,-71.18738339,-15.79554413
Active_Magnetic_Arc_1,-71.17313891,-15.82687223
Active_Magnetic_Arc_1,-71.16228237,-15.87689942
Active_Magnetic_Arc_1,-71.15141777,-15.92693812
Active_Magnetic_Arc_1,-71.11945008,-15.97095829
Active_Magnetic_Arc_1,-71.10517589,-16.00230001
Active_Magnetic_Arc_1,-71.06177884,-16.03862585
Active_Magnetic_Arc_1,-71.03777868,-16.07162962
Active_Magnetic_Arc_1,-71.01205375,-16.09529737
Active_Magnetic_Arc_1,-70.98968355,-16.13770324
Active_Magnetic_Arc_1,-70.96553225,-16.17083376
Active_Magnetic_Arc_1,-70.94308573,-16.2133075
Active_Magnetic_Arc_1,-70.94014594,-16.25239659
Active_Magnetic_Arc_1,-70.93720355,-16.29149172
Active_Magnetic_Arc_1,-70.93596569,-16.3399452
Active_Magnetic_Arc_1,-70.91177441,-16.37310569
Active_Magnetic_Arc_1,-70.87781759,-16.40794545
Active_Magnetic_Arc_1,-70.85194644,-16.43169457
Active_Magnetic_Arc_1,-70.81629578,-16.45712888
Active_Magnetic_Arc_1,-70.76744068,-16.4655475
Active_Magnetic_Arc_1,-70.72834478,-16.47227572
Active_Magnetic_Arc_1,-70.72368413,-16.50200961
Active_Magnetic_Arc_1,-70.70282331,-16.55387011
Active_Magnetic_Arc_1,-70.66874315,-16.58872394
Active_Magnetic_Arc_1,-70.63300681,-16.61414803
Active_Magnetic_Arc_1,-70.58748355,-16.6412264
Active_Magnetic_Arc_1,-70.5631816,-16.67435574
Active_Magnetic_Arc_1,-70.53718855,-16.69810636
Active_Magnetic_Arc_1,-70.50307392,-16.73290231
Active_Magnetic_Arc_1,-70.45914735,-16.76936017
Active_Magnetic_Arc_1,-70.42498957,-16.80415835
Active_Magnetic_Arc_1,-70.39894083,-16.8279109
Active_Magnetic_Arc_1,-70.36308005,-16.853321
Active_Magnetic_Arc_1,-70.32882323,-16.88817289
Active_Magnetic_Arc_1,-70.28461718,-16.92481256
Active_Magnetic_Arc_1,-70.26001981,-16.95813224
Active_Magnetic_Arc_1,-70.23540538,-16.99146068
Active_Magnetic_Arc_1,-70.21240102,-17.03423822
Active_Magnetic_Arc_1,-70.19922214,-17.07535632
Active_Magnetic_Arc_1,-70.16310856,-17.100914
Active_Magnetic_Arc_1,-70.12701785,-17.1264256
Active_Magnetic_Arc_1,-70.09090854,-17.15193708
Active_Magnetic_Arc_1,-70.05640583,-17.18689212
Active_Magnetic_Arc_1,-70.06447904,-17.23418617
Active_Magnetic_Arc_1,-70.07900767,-17.26110818
Active_Magnetic_Arc_1,-70.08678858,-17.30879034
Active_Magnetic_Arc_1,-70.11277426,-17.34360381
Active_Magnetic_Arc_1,-70.13721726,-17.36888165
Active_Magnetic_Arc_1,-70.17312418,-17.40203281
Active_Magnetic_Arc_1,-70.18928876,-17.43856109
Active_Magnetic_Arc_1,-70.19565469,-17.47669247
Active_Magnetic_Arc_1,-70.16937822,-17.50054019
Active_Magnetic_Arc_1,-70.13647031,-17.5450204
Active_Magnetic_Arc_1,-70.12317581,-17.58635435
Active_Magnetic_Arc_1,-70.10968678,-17.62794858
Active_Magnetic_Arc_1,-70.08445359,-17.70248812
Active_Magnetic_Arc_1,-70.04511734,-17.77298971
Active_Magnetic_Arc_1,-70.02843296,-17.80417091
Active_Magnetic_Arc_1,-70.0261784,-17.83285862
Active_Magnetic_Arc_1,-70.03114087,-17.86030348
Active_Magnetic_Arc_1,-70.03610522,-17.88775066
Active_Magnetic_Arc_1,-70.03385043,-17.91643971
Active_Magnetic_Arc_1,-70.02436805,-17.94631378
Active_Magnetic_Arc_1,-70.00889904,-17.98421941
Active_Magnetic_Arc_1,-69.99342241,-18.02212478
Active_Magnetic_Arc_1,-69.98392654,-18.0519574
Active_Magnetic_Arc_1,-69.98165271,-18.08056615
Active_Magnetic_Arc_1,-69.98061617,-18.1160267
Active_Magnetic_Arc_1,-69.97110996,-18.14586788
Active_Magnetic_Arc_1,-69.96160102,-18.17570956
Active_Magnetic_Arc_1,-69.94236981,-18.19298594
Active_Magnetic_Arc_1,-69.93284424,-18.22278917
Active_Magnetic_Arc_1,-69.92207891,-18.24574411
Active_Magnetic_Arc_1,-69.90657152,-18.28372214
Active_Magnetic_Arc_1,-69.90429543,-18.31243174
Active_Magnetic_Arc_1,-69.88630645,-18.33666888
Active_Magnetic_Arc_1,-69.86955498,-18.36777414
Active_Magnetic_Arc_1,-69.85527733,-18.41261897
Active_Magnetic_Arc_1,-69.81452418,-18.47597908
Active_Magnetic_Arc_1,-69.79053299,-18.50825055
Active_Magnetic_Arc_1,-69.78824531,-18.53693544
Active_Magnetic_Arc_1,-69.78595712,-18.5656171
Active_Magnetic_Arc_1,-69.78366779,-18.59429617
Active_Magnetic_Arc_1,-69.78137891,-18.62297184
Active_Magnetic_Arc_1,-69.76583822,-18.6608735
Active_Magnetic_Arc_1,-69.74782484,-18.68502851
Active_Magnetic_Arc_1,-69.72257375,-18.71035797
Active_Magnetic_Arc_1,-69.69608568,-18.72880725
Active_Magnetic_Arc_1,-69.67078154,-18.75408158
Active_Magnetic_Arc_1,-69.66118383,-18.78387314
Active_Magnetic_Arc_1,-69.65158211,-18.81366666
Active_Magnetic_Arc_1,-69.64319826,-18.85032731
Active_Magnetic_Arc_1,-69.61549982,-18.90422583
Active_Magnetic_Arc_1,-69.59258293,-18.9432198
Active_Magnetic_Arc_1,-69.57693415,-18.98105968
Active_Magnetic_Arc_1,-69.56730852,-19.01086316
Active_Magnetic_Arc_1,-69.55042341,-19.04182884
Active_Magnetic_Arc_1,-69.53231233,-19.06592229
Active_Magnetic_Arc_1,-69.51541496,-19.09688416
Active_Magnetic_Arc_1,-69.51303056,-19.12552899
Active_Magnetic_Arc_1,-69.51668792,-19.14614539
Active_Magnetic_Arc_1,-69.51552263,-19.18166776
Active_Magnetic_Arc_1,-69.50831111,-19.22522552
Active_Magnetic_Arc_1,-69.49866343,-19.25503284
Active_Magnetic_Arc_1,-69.50354753,-19.28253247
Active_Magnetic_Arc_1,-69.51087706,-19.32378765
Active_Magnetic_Arc_1,-69.50242334,-19.36048856
Active_Magnetic_Arc_1,-69.47697919,-19.38573929
Active_Magnetic_Arc_1,-69.44546826,-19.41901653
Active_Magnetic_Arc_1,-69.41273536,-19.44540384
Active_Magnetic_Arc_1,-69.39454253,-19.46949259
Active_Magnetic_Arc_1,-69.38361384,-19.49243852
Active_Magnetic_Arc_1,-69.37509392,-19.52915901
Active_Magnetic_Arc_1,-69.36536144,-19.55899704
Active_Magnetic_Arc_1,-69.34713701,-19.58309166
Active_Magnetic_Arc_1,-69.33739437,-19.61293329
Active_Magnetic_Arc_1,-69.36898261,-19.57966221
Active_Magnetic_Arc_1,-69.3361892,-19.60604308
Active_Magnetic_Arc_1,-69.33493168,-19.64163671
Active_Magnetic_Arc_1,-69.34096109,-19.67609715
Active_Magnetic_Arc_1,-69.33729672,-19.69791387
Active_Magnetic_Arc_1,-69.32755299,-19.72776043
Active_Magnetic_Arc_1,-69.32509451,-19.75647024
Active_Magnetic_Arc_1,-69.32383371,-19.79209165
Active_Magnetic_Arc_1,-69.30797374,-19.82999807
Active_Magnetic_Arc_1,-69.31280054,-19.85759368
Active_Magnetic_Arc_1,-69.30302462,-19.88747054
Active_Magnetic_Arc_1,-69.28473416,-19.91158505
Active_Magnetic_Arc_1,-69.25913327,-19.93683344
Active_Magnetic_Arc_1,-69.24933482,-19.9667176
Active_Magnetic_Arc_1,-69.23953073,-19.99660632
Active_Magnetic_Arc_1,-69.23704247,-20.0253514
Active_Magnetic_Arc_1,-69.22845893,-20.06212351
Active_Magnetic_Arc_1,-69.21133799,-20.09314149
Active_Magnetic_Arc_1,-69.20881374,-20.12193162
Active_Magnetic_Arc_1,-69.19167467,-20.15295963
Active_Magnetic_Arc_1,-69.18064158,-20.1759524
Active_Magnetic_Arc_1,-69.17079816,-20.20586841
Active_Magnetic_Arc_1,-69.1609488,-20.23578797
Active_Magnetic_Arc_1,-69.13647034,-20.2679323
Active_Magnetic_Arc_1,-69.11810502,-20.29203825
Active_Magnetic_Arc_1,-69.09242071,-20.31724984
Active_Magnetic_Arc_1,-69.06554352,-20.33552862
Active_Magnetic_Arc_1,-69.04834505,-20.36655384
Active_Magnetic_Arc_1,-69.03845682,-20.39647505
Active_Magnetic_Arc_1,-69.02856977,-20.42638987
Active_Magnetic_Arc_1,-69.01749193,-20.44937783
Active_Magnetic_Arc_1,-69.00027627,-20.480395
Active_Magnetic_Arc_1,-68.9818694,-20.50448014
Active_Magnetic_Arc_1,-68.96345692,-20.5285628
Active_Magnetic_Arc_1,-68.94621968,-20.5595769
Active_Magnetic_Arc_1,-68.94362131,-20.58840689
Active_Magnetic_Arc_1,-68.93369622,-20.61833241
Active_Magnetic_Arc_1,-68.91525988,-20.64241301
Active_Magnetic_Arc_1,-68.88939715,-20.66770721
Active_Magnetic_Arc_1,-68.85610037,-20.69421186
Active_Magnetic_Arc_1,-68.83015933,-20.71957318
Active_Magnetic_Arc_1,-68.80420251,-20.74493908
Active_Magnetic_Arc_1,-68.77703512,-20.76339558
Active_Magnetic_Arc_1,-68.75840514,-20.78765681
Active_Magnetic_Arc_1,-68.73859818,-20.80497264
Active_Magnetic_Arc_1,-68.7125661,-20.83037719
Active_Magnetic_Arc_1,-68.68884782,-20.86968625
Active_Magnetic_Arc_1,-68.67014058,-20.89399971
Active_Magnetic_Arc_1,-68.64401738,-20.91947294
Active_Magnetic_Arc_1,-68.61672446,-20.93798509
Active_Magnetic_Arc_1,-68.59566996,-20.94838604
Active_Magnetic_Arc_1,-68.56950739,-20.97386285
Active_Magnetic_Arc_1,-68.5432828,-20.99940001
Active_Magnetic_Arc_1,-68.52442207,-21.02383636
Active_Magnetic_Arc_1,-68.50439659,-21.04131203
Active_Magnetic_Arc_1,-68.46305096,-21.06944321
Active_Magnetic_Arc_1,-68.43143546,-21.1103208
Active_Magnetic_Arc_1,-68.43604173,-21.13820061
Active_Magnetic_Arc_1,-68.41823079,-21.1696824
Active_Magnetic_Arc_1,-68.42283633,-21.19757799
Active_Magnetic_Arc_1,-68.42744471,-21.22547963
Active_Magnetic_Arc_1,-68.43205585,-21.25338688
Active_Magnetic_Arc_1,-68.42918691,-21.28250387
Active_Magnetic_Arc_1,-68.42631594,-21.31162865
Active_Magnetic_Arc_1,-68.43095151,-21.33952865
Active_Magnetic_Arc_1,-68.4442381,-21.37320569
Active_Magnetic_Arc_1,-68.44140607,-21.40230146
Active_Magnetic_Arc_1,-68.42992577,-21.42562144
Active_Magnetic_Arc_1,-68.41216825,-21.45704203
Active_Magnetic_Arc_1,-68.38581386,-21.48258838
Active_Magnetic_Arc_1,-68.37561333,-21.51269703
Active_Magnetic_Arc_1,-68.36540765,-21.54280895
Active_Magnetic_Arc_1,-68.37137327,-21.57748231
Active_Magnetic_Arc_1,-68.36865434,-21.60641114
Active_Magnetic_Arc_1,-68.38079403,-21.63315645
Active_Magnetic_Arc_1,-68.36927041,-21.65651591
Active_Magnetic_Arc_1,-68.3514159,-21.68803625
Active_Magnetic_Arc_1,-68.34098989,-21.71846712
Active_Magnetic_Arc_1,-68.34655991,-21.75377552
Active_Magnetic_Arc_1,-68.34357117,-21.78313225
Active_Magnetic_Arc_1,-68.32566766,-21.81470872
Active_Magnetic_Arc_1,-68.31408941,-21.83813088
Active_Magnetic_Arc_1,-68.30361183,-21.868638
Active_Magnetic_Arc_1,-68.30167873,-21.90516763
Active_Magnetic_Arc_1,-68.29969333,-21.94179482
Active_Magnetic_Arc_1,-68.30408949,-21.97021496
Active_Magnetic_Arc_1,-68.30959002,-22.00575745
Active_Magnetic_Arc_1,-68.31509628,-22.04131946
Active_Magnetic_Arc_1,-68.31311398,-22.07802239
Active_Magnetic_Arc_1,-68.30252915,-22.10874472
Active_Magnetic_Arc_1,-68.29943625,-22.13835858
Active_Magnetic_Arc_1,-68.2974431,-22.17511312
Active_Magnetic_Arc_1,-68.2793289,-22.20699782
Active_Magnetic_Arc_1,-68.25350882,-22.1889658
Active_Magnetic_Arc_1,-68.18789703,-22.24408791
Active_Magnetic_Arc_1,-68.17565569,-22.27300042
Active_Magnetic_Arc_1,-68.17836767,-22.30065196
Active_Magnetic_Arc_1,-68.19604297,-22.32704394
Active_Magnetic_Arc_1,-68.20625032,-22.35406226
Active_Magnetic_Arc_1,-68.20897678,-22.38171298
Active_Magnetic_Arc_1,-68.21170407,-22.40936526
Active_Magnetic_Arc_1,-68.18309991,-22.4257244
Active_Magnetic_Arc_1,-68.15450951,-22.4420662
Active_Magnetic_Arc_1,-68.13403983,-22.46470669
Active_Magnetic_Arc_1,-68.12855314,-22.48608774
Active_Magnetic_Arc_1,-68.13123906,-22.51375159
Active_Magnetic_Arc_1,-68.12642519,-22.54204171
Active_Magnetic_Arc_1,-68.12910957,-22.56970056
Active_Magnetic_Arc_1,-68.13185563,-22.59734147
Active_Magnetic_Arc_1,-68.14213737,-22.6243529
Active_Magnetic_Arc_1,-68.15242655,-22.65137312
Active_Magnetic_Arc_1,-68.16272341,-22.67840287
Active_Magnetic_Arc_1,-68.16549544,-22.70606866
Active_Magnetic_Arc_1,-68.16073561,-22.73436672
Active_Magnetic_Arc_1,-68.14021332,-22.75699455
Active_Magnetic_Arc_1,-68.10256011,-22.76010405
Active_Magnetic_Arc_1,-68.07245212,-22.76258435
Active_Magnetic_Arc_1,-68.05193258,-22.78518399
Active_Magnetic_Arc_1,-68.0621983,-22.8122321
Active_Magnetic_Arc_1,-68.0800029,-22.83867518
Active_Magnetic_Arc_1,-68.09029458,-22.86574476
Active_Magnetic_Arc_1,-68.07729756,-22.8877406
Active_Magnetic_Arc_1,-68.04922538,-22.91095418
Active_Magnetic_Arc_1,-68.04444312,-22.93926057
Active_Magnetic_Arc_1,-68.0547367,-22.96635927
Active_Magnetic_Arc_1,-68.05749489,-22.99407385
Active_Magnetic_Arc_1,-68.04514629,-23.02299107
Active_Magnetic_Arc_1,-68.0156822,-23.03233977
Active_Magnetic_Arc_1,-67.99579491,-23.06185723
Active_Magnetic_Arc_1,-67.99849725,-23.08954771
Active_Magnetic_Arc_1,-68.00941412,-23.1235607
Active_Magnetic_Arc_1,-68.01212123,-23.15125746
Active_Magnetic_Arc_1,-67.99220604,-23.18076107
Active_Magnetic_Arc_1,-67.97093551,-23.19641021
Active_Magnetic_Arc_1,-67.94279972,-23.21957366
Active_Magnetic_Arc_1,-67.93040991,-23.24845965
Active_Magnetic_Arc_1,-67.92555603,-23.27674831
Active_Magnetic_Arc_1,-67.9282409,-23.304441
Active_Magnetic_Arc_1,-67.93092925,-23.33213736
Active_Magnetic_Arc_1,-67.91030848,-23.3546869
Active_Magnetic_Arc_1,-67.88012957,-23.35704514
Active_Magnetic_Arc_1,-67.86704847,-23.37899219
Active_Magnetic_Arc_1,-67.87726952,-23.40610003
Active_Magnetic_Arc_1,-67.89437545,-23.42569973
Active_Magnetic_Arc_1,-67.89772939,-23.46032592
Active_Magnetic_Arc_1,-67.90175623,-23.50188054
Active_Magnetic_Arc_1,-67.90377151,-23.52266005
Active_Magnetic_Arc_1,-67.90713129,-23.55729539
Active_Magnetic_Arc_1,-67.90293261,-23.59251428
Active_Magnetic_Arc_1,-67.89805924,-23.62080191
Active_Magnetic_Arc_1,-67.90074534,-23.64850807
Active_Magnetic_Arc_1,-67.91099919,-23.67563852
Active_Magnetic_Arc_1,-67.90612197,-23.70392347
Active_Magnetic_Arc_1,-67.89367318,-23.73278114
Active_Magnetic_Arc_1,-67.88811921,-23.75413579
Active_Magnetic_Arc_1,-67.89147783,-23.78877297
Active_Magnetic_Arc_1,-67.88659239,-23.81705449
Active_Magnetic_Arc_1,-67.88995222,-23.85169519
Active_Magnetic_Arc_1,-67.90089262,-23.88576983
Active_Magnetic_Arc_1,-67.90847182,-23.88520193
Active_Magnetic_Arc_1,-67.95617702,-24.15290917
Active_Magnetic_Arc_1,-67.9929116,-24.250531
Active_Magnetic_Arc_1,-68.00519746,-24.37520944
Active_Magnetic_Arc_1,-68.06660729,-24.44590014
Active_Magnetic_Arc_1,-68.10358818,-24.5437535
Active_Magnetic_Arc_1,-68.14066142,-24.6417657
Active_Magnetic_Arc_1,-68.1532563,-24.76710134
Active_Magnetic_Arc_1,-68.21759327,-24.86302012
Active_Magnetic_Arc_1,-68.27950316,-24.9338662
Active_Magnetic_Arc_1,-68.3712584,-25.02758755
Active_Magnetic_Arc_1,-68.43601191,-25.12356088
Active_Magnetic_Arc_1,-68.50090477,-25.21956005
Active_Magnetic_Arc_1,-68.56328451,-25.29043648
Active_Magnetic_Arc_1,-68.60124809,-25.38913351
Active_Magnetic_Arc_1,-68.61202554,-25.49030589
Active_Magnetic_Arc_1,-68.59549244,-25.59384757
Active_Magnetic_Arc_1,-68.60628698,-25.69516126
Active_Magnetic_Arc_1,-68.72395497,-25.76194412
Active_Magnetic_Arc_1,-68.8144055,-25.8310058
Active_Magnetic_Arc_1,-68.85293282,-25.93012263
Active_Magnetic_Arc_1,-68.86686927,-26.05704132
Active_Magnetic_Arc_1,-68.88084881,-26.18406328
Active_Magnetic_Arc_1,-68.8948702,-26.31118805
Active_Magnetic_Arc_1,-68.90894117,-26.43845301
Active_Magnetic_Arc_1,-68.94797558,-26.53843513
Active_Magnetic_Arc_1,-68.96219542,-26.66603686
Active_Magnetic_Arc_1,-69.00153512,-26.76664116
Active_Magnetic_Arc_1,-69.04105134,-26.86771399
Active_Magnetic_Arc_1,-69.05280287,-26.97090209
Active_Magnetic_Arc_1,-69.1204291,-27.07013893
Active_Magnetic_Arc_1,-69.13232095,-27.17350859
Active_Magnetic_Arc_1,-69.11625062,-27.27898826
Active_Magnetic_Arc_1,-69.1001336,-27.3845454
Active_Magnetic_Arc_1,-69.02783808,-27.49417312
Active_Magnetic_Arc_1,-69.01156183,-27.59987108
Active_Magnetic_Arc_1,-69.02634561,-27.72963139
Active_Magnetic_Arc_1,-69.0411805,-27.8595253
Active_Magnetic_Arc_1,-69.05606728,-27.9895524
Active_Magnetic_Arc_1,-69.07100417,-28.11971142
Active_Magnetic_Arc_1,-69.08334595,-28.22560932
Active_Magnetic_Arc_1,-69.0957481,-28.33173366
Active_Magnetic_Arc_1,-69.10819229,-28.43798399
Active_Magnetic_Arc_1,-69.06372769,-28.54835805
Active_Magnetic_Arc_1,-68.98753277,-28.63416877
Active_Magnetic_Arc_1,-68.88275076,-28.72258254
Active_Magnetic_Arc_1,-68.77510967,-28.78663455
Active_Magnetic_Arc_1,-68.66136241,-28.79743643
Active_Magnetic_Arc_1,-68.54466439,-28.78153833
Active_Magnetic_Arc_1,-68.44788914,-28.68312485
Active_Magnetic_Arc_1,-68.35137966,-28.58473166
Active_Magnetic_Arc_1,-68.26067967,-28.53944099
Active_Magnetic_Arc_1,-68.19295538,-28.43847197
Active_Magnetic_Arc_1,-68.15372244,-28.33501221
Active_Magnetic_Arc_1,-68.03251162,-28.26574606
Active_Magnetic_Arc_1,-67.93978044,-28.19390684
Active_Magnetic_Arc_1,-67.84723837,-28.1221255
Active_Magnetic_Arc_1,-67.72672782,-28.05385222
Active_Magnetic_Arc_1,-67.63460711,-27.98302132
Active_Magnetic_Arc_1,-67.54261378,-27.9109579
Active_Magnetic_Arc_1,-67.4508166,-27.83941862
Active_Magnetic_Arc_1,-67.36158891,-27.79444803
Active_Magnetic_Arc_1,-67.24433547,-27.75184464
Active_Magnetic_Arc_1,-67.12719763,-27.7091494
Active_Magnetic_Arc_1,-67.03601058,-27.63787517
Active_Magnetic_Arc_1,-66.94499224,-27.56658108
Active_Magnetic_Arc_1,-66.85193663,-27.46916993
Active_Magnetic_Arc_1,-66.75911985,-27.37177534
Active_Magnetic_Arc_1,-66.6945215,-27.27212
Active_Magnetic_Arc_1,-66.63009231,-27.17252045
Active_Magnetic_Arc_1,-66.56583741,-27.07297958
Active_Magnetic_Arc_1,-66.52962625,-26.9712664
Active_Magnetic_Arc_1,-66.52135392,-26.86741333
Active_Magnetic_Arc_1,-66.54089841,-26.76143998
Active_Magnetic_Arc_1,-66.56028434,-26.65646719
Active_Magnetic_Arc_1,-66.57955,-26.55213666
Active_Magnetic_Arc_1,-66.6264456,-26.4456767
Active_Magnetic_Arc_1,-66.70085706,-26.33707135
Active_Magnetic_Arc_1,-66.77723889,-26.25398352
Active_Magnetic_Arc_1,-66.88323053,-26.19412608
Active_Magnetic_Arc_1,-66.92952165,-26.08785393
Active_Magnetic_Arc_1,-66.97791689,-26.007068
Active_Magnetic_Arc_1,-67.08116848,-25.92178818
Active_Magnetic_Arc_1,-67.17041492,-25.99117266
Active_Magnetic_Arc_1,-67.18183694,-26.11827948
Active_Magnetic_Arc_1,-67.22086403,-26.24318651
Active_Magnetic_Arc_1,-67.20248508,-26.34733545
Active_Magnetic_Arc_1,-67.15641632,-26.45386458
Active_Magnetic_Arc_1,-67.16788005,-26.58135751
Active_Magnetic_Arc_1,-67.20479273,-26.68110573
Active_Magnetic_Arc_1,-67.15851471,-26.78883663
Active_Magnetic_Arc_1,-67.08201344,-26.87362664
Active_Magnetic_Arc_1,-67.09108412,-26.97740833
Active_Magnetic_Arc_1,-67.10018075,-27.08129358
Active_Magnetic_Arc_1,-67.10930324,-27.18528246
Active_Magnetic_Arc_1,-67.17435407,-27.28463599
Active_Magnetic_Arc_1,-67.26286681,-27.32955491
Active_Magnetic_Arc_1,-67.37467528,-27.31993507
Active_Magnetic_Arc_1,-67.48400759,-27.28420414
Active_Magnetic_Arc_1,-67.5907844,-27.2232989
Active_Magnetic_Arc_1,-67.69489776,-27.13650188
Active_Magnetic_Arc_1,-67.77093469,-27.05190931
Active_Magnetic_Arc_1,-67.76088347,-26.94803432
Active_Magnetic_Arc_1,-67.75086011,-26.84426588
Active_Magnetic_Arc_1,-67.74086537,-26.74060367
Active_Magnetic_Arc_1,-67.72849415,-26.61265819
Active_Magnetic_Arc_1,-67.69099747,-26.51276865
Active_Magnetic_Arc_1,-67.62598141,-26.41508429
Active_Magnetic_Arc_1,-67.56112111,-26.31743527
Active_Magnetic_Arc_1,-67.52395794,-26.21770185
Active_Magnetic_Arc_1,-67.51200833,-26.09047251
Active_Magnetic_Arc_1,-67.47263742,-25.96569089
Active_Magnetic_Arc_1,-67.46316725,-25.86414556
Active_Magnetic_Arc_1,-67.48111333,-25.7603329
Active_Magnetic_Arc_1,-67.52637476,-25.65447375
Active_Magnetic_Arc_1,-67.60124812,-25.57203274
Active_Magnetic_Arc_1,-67.64626634,-25.46641741
Active_Magnetic_Arc_1,-67.69117505,-25.36097656
Active_Magnetic_Arc_1,-67.73599386,-25.25588297
Active_Magnetic_Arc_1,-67.75352618,-25.15319881
Active_Magnetic_Arc_1,-67.68949565,-25.0569378
Active_Magnetic_Arc_1,-67.57367671,-24.99001476
Active_Magnetic_Arc_1,-67.462721,-24.97349458
Active_Magnetic_Arc_1,-67.35180197,-24.95739926
Active_Magnetic_Arc_1,-67.2409048,-24.94122208
Active_Magnetic_Arc_1,-67.12778414,-24.89986464
Active_Magnetic_Arc_1,-67.01918205,-24.90860948
Active_Magnetic_Arc_1,-66.90835655,-24.89217082
Active_Magnetic_Arc_1,-66.79755572,-24.87565051
Active_Magnetic_Arc_1,-66.68465594,-24.83394929
Active_Magnetic_Arc_1,-66.57184373,-24.79216793
Active_Magnetic_Arc_1,-66.48419132,-24.72314811
Active_Magnetic_Arc_1,-66.44882555,-24.62489657
Active_Magnetic_Arc_1,-66.44060811,-24.52463038
Active_Magnetic_Arc_1,-66.43240761,-24.42442131
Active_Magnetic_Arc_1,-66.42627009,-24.34930126
Active_Magnetic_Arc_1,-66.41606629,-24.22417463
Active_Magnetic_Arc_1,-66.40792313,-24.12412829
Active_Magnetic_Arc_1,-66.3997938,-24.02414051
Active_Magnetic_Arc_1,-66.39168522,-23.924213
Active_Magnetic_Arc_1,-66.40828679,-23.79798852
Active_Magnetic_Arc_1,-66.37321369,-23.70077441
Active_Magnetic_Arc_1,-66.33820416,-23.60358392
Active_Magnetic_Arc_1,-66.32801598,-23.47962135
Active_Magnetic_Arc_1,-66.31784974,-23.35571416
Active_Magnetic_Arc_1,-66.30973444,-23.25662936
Active_Magnetic_Arc_1,-66.30163481,-23.1575818
Active_Magnetic_Arc_1,-66.29354969,-23.05857086
Active_Magnetic_Arc_1,-66.28547909,-22.9595973
Active_Magnetic_Arc_1,-66.30405645,-22.85867469
Active_Magnetic_Arc_1,-66.32259834,-22.75779135
Active_Magnetic_Arc_1,-66.39423091,-22.65299967
Active_Magnetic_Arc_1,-66.41263708,-22.55224055
Active_Magnetic_Arc_1,-66.40239156,-22.42904847
Active_Magnetic_Arc_1,-66.36766352,-22.332618
Active_Magnetic_Arc_1,-66.35742356,-22.20963275
Active_Magnetic_Arc_1,-66.34720182,-22.08668149
Active_Magnetic_Arc_1,-66.36546244,-21.98637664
Active_Magnetic_Arc_1,-66.44472134,-21.98044298
Active_Magnetic_Arc_1,-66.50376828,-22.05020518
Active_Magnetic_Arc_1,-66.51414386,-22.17312891
Active_Magnetic_Arc_1,-66.57541487,-22.26748195
Active_Magnetic_Arc_1,-66.68553081,-22.30859305
Active_Magnetic_Arc_1,-66.79357462,-22.32503843
Active_Magnetic_Arc_1,-66.90163726,-22.34141034
Active_Magnetic_Arc_1,-67.005358,-22.3085398
Active_Magnetic_Arc_1,-67.10681391,-22.25103048
Active_Magnetic_Arc_1,-67.15088289,-22.14856029
Active_Magnetic_Arc_1,-67.16844945,-22.04851594
Active_Magnetic_Arc_1,-67.18598799,-21.94846592
Active_Magnetic_Arc_1,-67.28483344,-21.86639431
Active_Magnetic_Arc_1,-67.38578093,-21.80868843
Active_Magnetic_Arc_1,-67.40312759,-21.70840294
Active_Magnetic_Arc_1,-67.39414032,-21.61029933
Active_Magnetic_Arc_1,-67.38517055,-21.51221616
Active_Magnetic_Arc_1,-67.42873423,-21.40984589
Active_Magnetic_Arc_1,-67.50070024,-21.3298331
Active_Magnetic_Arc_1,-67.57260617,-21.25006772
Active_Magnetic_Arc_1,-67.58972703,-21.14996389
Active_Magnetic_Arc_1,-67.58065862,-21.05204341
Active_Magnetic_Arc_1,-67.59550699,-20.92769056
Active_Magnetic_Arc_1,-67.66716754,-20.84804824
Active_Magnetic_Arc_1,-67.76948166,-20.8151584
Active_Magnetic_Arc_1,-67.86945288,-20.75775256
Active_Magnetic_Arc_1,-67.96702878,-20.67583609
Active_Magnetic_Arc_1,-68.03839507,-20.59602177
Active_Magnetic_Arc_1,-67.99830296,-20.45149761
Active_Magnetic_Arc_1,-67.9299213,-20.28469638
Active_Magnetic_Arc_1,-67.86629931,-20.16678083
Active_Magnetic_Arc_1,-67.75760188,-20.12643584
Active_Magnetic_Arc_1,-67.64898101,-20.08603394
Active_Magnetic_Arc_1,-67.56419446,-20.01903959
Active_Magnetic_Arc_1,-67.55521261,-19.921303
Active_Magnetic_Arc_1,-67.52027883,-19.82567768
Active_Magnetic_Arc_1,-67.5113404,-19.72796223
Active_Magnetic_Arc_1,-67.4764852,-19.63236386
Active_Magnetic_Arc_1,-67.51943004,-19.53048374
Active_Magnetic_Arc_1,-67.5949453,-19.49974098
Active_Magnetic_Arc_1,-67.70085959,-19.51568428
Active_Magnetic_Arc_1,-67.78540278,-19.58255661
Active_Magnetic_Arc_1,-67.89139058,-19.59839655
Active_Magnetic_Arc_1,-67.99740412,-19.61417506
Active_Magnetic_Arc_1,-68.01414217,-19.51431954
Active_Magnetic_Arc_1,-68.00496031,-19.41662617
Active_Magnetic_Arc_1,-67.94400774,-19.32325713
Active_Magnetic_Arc_1,-67.90899579,-19.22770907
Active_Magnetic_Arc_1,-67.89988561,-19.12999084
Active_Magnetic_Arc_1,-67.86493664,-19.03442491
Active_Magnetic_Arc_1,-67.88169269,-18.9345399
Active_Magnetic_Arc_1,-67.95690811,-18.90361313
Active_Magnetic_Arc_1,-68.08604495,-18.89272129
Active_Magnetic_Arc_1,-68.18935124,-18.88394394
Active_Magnetic_Arc_1,-68.25753285,-18.77959357
Active_Magnetic_Arc_1,-68.19665364,-18.68627841
Active_Magnetic_Arc_1,-68.1358413,-18.59294445
Active_Magnetic_Arc_1,-68.12433524,-18.47076934
Active_Magnetic_Arc_1,-68.08938987,-18.37522407
Active_Magnetic_Arc_1,-68.07794717,-18.25300773
Active_Magnetic_Arc_1,-68.09685711,-18.17740371
Active_Magnetic_Arc_1,-68.08776383,-18.07951089
Active_Magnetic_Arc_1,-68.10437938,-17.97939978
Active_Magnetic_Arc_1,-68.14667282,-17.8770595
Active_Magnetic_Arc_1,-68.16324611,-17.77690233
Active_Magnetic_Arc_1,-68.20546989,-17.67450765
Active_Magnetic_Arc_1,-68.2499506,-17.59656985
Active_Magnetic_Arc_1,-68.34801537,-17.53857803
Active_Magnetic_Arc_1,-68.44603898,-17.48052307
Active_Magnetic_Arc_1,-68.52068277,-17.44919998
Active_Magnetic_Arc_1,-68.61863731,-17.39104262
Active_Magnetic_Arc_1,-68.69323649,-17.35964516
Active_Magnetic_Arc_1,-68.81675755,-17.29907345
Active_Magnetic_Arc_1,-68.91695346,-17.26524206
Active_Magnetic_Arc_1,-68.95883722,-17.16240907
Active_Magnetic_Arc_1,-68.94705226,-17.03978197
Active_Magnetic_Arc_1,-68.98888455,-16.9368877
Active_Magnetic_Arc_1,-69.0307708,-16.83380307
Active_Magnetic_Arc_1,-69.07739896,-16.77971323
Active_Magnetic_Arc_1,-69.16598545,-16.62214688
Active_Magnetic_Arc_1,-69.10782364,-16.55303586
Active_Magnetic_Arc_1,-69.00080706,-16.51340492
Active_Magnetic_Arc_1,-68.96830933,-16.44182095
Active_Magnetic_Arc_1,-68.95911433,-16.3431247
Active_Magnetic_Arc_1,-68.94992448,-16.24438947
Active_Magnetic_Arc_1,-68.96630809,-16.14319264
Active_Magnetic_Arc_1,-69.00823902,-16.03951578
Active_Magnetic_Arc_1,-69.07800831,-15.95805235
Active_Magnetic_Arc_1,-69.15930664,-16.00013581
Active_Magnetic_Arc_1,-69.18718575,-16.02239363
Active_Magnetic_Arc_1,-69.29179479,-15.76282884
Active_Magnetic_Arc_1,-69.33357513,-15.65894027
Active_Magnetic_Arc_1,-69.3753328,-15.55500134
Active_Magnetic_Arc_1,-69.47045246,-15.47077477
Active_Magnetic_Arc_1,-69.56804751,-15.41090431
Active_Magnetic_Arc_1,-69.64238783,-15.3784039
Active_Magnetic_Arc_1,-69.74226689,-15.34332239
Active_Magnetic_Arc_1,-69.87226081,-15.35546214
Active_Magnetic_Arc_1,-69.99998876,-15.3426097
Active_Magnetic_Arc_1,-70.09759576,-15.28242366
Active_Magnetic_Arc_1,-70.1161455,-15.20522651
Active_Magnetic_Arc_1,-70.10681038,-15.10569743
Active_Magnetic_Arc_1,-70.12296107,-15.00360141
Active_Magnetic_Arc_1,-70.16925359,-14.94874775
Active_Magnetic_Arc_1,-70.28961418,-14.86134903
Active_Magnetic_Arc_1,-70.35921289,-14.77859264
Active_Magnetic_Arc_1,-70.42654509,-14.67067578
Active_Magnetic_Arc_1,-70.4426831,-14.56820953
Active_Magnetic_Arc_1,-70.48439694,-14.46291674
Active_Magnetic_Arc_1,-70.60757873,-14.39908755
Active_Magnetic_Arc_1,-70.67752329,-14.31530157
Active_Magnetic_Arc_1,-70.71959279,-14.20912814
Active_Magnetic_Arc_1,-70.78964585,-14.12499843
Active_Magnetic_Arc_1,-70.857555,-14.0153988
Active_Magnetic_Arc_1,-70.92567739,-13.90531767
Active_Magnetic_Arc_1,-70.99828932,-13.84569112
Active_Magnetic_Arc_1,-71.09438685,-13.7576483
Active_Magnetic_Arc_1,-71.19051436,-13.66947416
Active_Magnetic_Arc_1,-71.28891479,-13.60652471
Active_Magnetic_Arc_1,-71.359369,-13.52119876
Active_Magnetic_Arc_1,-71.45782599,-13.4580622
Active_Magnetic_Arc_1,-71.528314,-13.37254626
Active_Magnetic_Arc_1,-71.62457176,-13.28380138
Active_Magnetic_Arc_1,-71.6670762,-13.17578377
Active_Magnetic_Arc_1,-71.76568512,-13.11219885
Active_Magnetic_Arc_1,-71.89247017,-13.070642
Active_Magnetic_Arc_1,-71.99575543,-13.05770965
Active_Magnetic_Arc_1,-72.02837825,-13.13088403
Active_Magnetic_Arc_1,-72.01386959,-13.26138342
Active_Magnetic_Arc_1,-71.96900292,-13.34412369
Active_Magnetic_Arc_1,-71.87249476,-13.43319027
Active_Magnetic_Arc_1,-71.80409281,-13.54432852
Active_Magnetic_Arc_1,-71.7334412,-13.62996407
Active_Magnetic_Arc_1,-71.66513083,-13.74072237
Active_Magnetic_Arc_1,-71.59459668,-13.82601555
Active_Magnetic_Arc_1,-71.5240749,-13.91121151
Active_Magnetic_Arc_1,-71.42556721,-13.97408194
Active_Magnetic_Arc_1,-71.32709533,-14.03685548
Active_Magnetic_Arc_1,-71.25684699,-14.12144272
Active_Magnetic_Arc_1,-71.1867113,-14.20579501
Active_Magnetic_Arc_1,-71.21945294,-14.27809319
Active_Magnetic_Arc_1,-71.34810041,-14.26306301
Active_Magnetic_Arc_1,-71.45341896,-14.2760891
Active_Magnetic_Arc_1,-71.58218611,-14.26092549
Active_Magnetic_Arc_1,-71.68287887,-14.22361812
Active_Magnetic_Arc_1,-71.72733079,-14.14212152
Active_Magnetic_Arc_1,-71.7695855,-14.03518814
Active_Magnetic_Arc_1,-71.87061014,-13.99731748
Active_Magnetic_Arc_1,-71.97393948,-13.98468743
Active_Magnetic_Arc_1,-72.07504745,-13.9466896
Active_Magnetic_Arc_1,-72.1761931,-13.90862383
Active_Magnetic_Arc_1,-72.27965026,-13.89582959
Active_Magnetic_Arc_1,-72.38769732,-13.93366574
Active_Magnetic_Arc_1,-72.49579845,-13.97146282
Active_Magnetic_Arc_1,-72.60167033,-13.98388201
Active_Magnetic_Arc_1,-72.7075874,-13.99625933
Active_Magnetic_Arc_1,-72.81583524,-14.03393254
Active_Magnetic_Arc_1,-72.91727065,-13.99554448
Active_Magnetic_Arc_1,-73.02331889,-14.00779451
Active_Magnetic_Arc_1,-73.1250277,-13.96905388
Active_Magnetic_Arc_1,-73.22978019,-13.95494993
Active_Magnetic_Arc_1,-73.36082143,-13.9372423
Active_Magnetic_Arc_1,-73.46347437,-13.89757768
Active_Magnetic_Arc_1,-73.5661902,-13.85783008
Active_Magnetic_Arc_1,-73.66671127,-13.79252885
Active_Magnetic_Arc_1,-73.73874784,-13.70523774
Active_Magnetic_Arc_1,-73.81081647,-13.61782196
Active_Magnetic_Arc_1,-73.88291287,-13.53028744
Active_Magnetic_Arc_1,-73.90010764,-13.42444687
Active_Magnetic_Arc_1,-73.9167921,-13.31902283
Active_Magnetic_Arc_1,-73.94364101,-13.30417023
Active_Magnetic_Arc_2,-69.92739474,-31.10076672
Active_Magnetic_Arc_2,-70.12131083,-31.3465695
Active_Magnetic_Arc_2,-70.12657448,-31.47220883
Active_Magnetic_Arc_2,-70.16873197,-31.59671258
Active_Magnetic_Arc_2,-70.1740774,-31.72234958
Active_Magnetic_Arc_2,-70.17943466,-31.84798315
Active_Magnetic_Arc_2,-70.22183277,-31.97246056
Active_Magnetic_Arc_2,-70.26434394,-32.09691568
Active_Magnetic_Arc_2,-70.30696704,-32.2213495
Active_Magnetic_Arc_2,-70.34980108,-32.34576801
Active_Magnetic_Arc_2,-70.39329811,-32.47028214
Active_Magnetic_Arc_2,-70.39944261,-32.59602652
Active_Magnetic_Arc_2,-70.44310649,-32.72062926
Active_Magnetic_Arc_2,-70.52447206,-32.84406853
Active_Magnetic_Arc_2,-70.56847289,-32.96872605
Active_Magnetic_Arc_2,-70.65030488,-33.09219504
Active_Magnetic_Arc_2,-70.69465165,-33.21690094
Active_Magnetic_Arc_2,-70.70299697,-33.37436434
Active_Magnetic_Arc_2,-70.74927748,-33.53064216
Active_Magnetic_Arc_2,-70.83199382,-33.65420023
Active_Magnetic_Arc_2,-70.87694925,-33.77902551
Active_Magnetic_Arc_2,-70.96022595,-33.90264322
Active_Magnetic_Arc_2,-70.96754483,-34.02889186
Active_Magnetic_Arc_2,-71.0132595,-34.15398988
Active_Magnetic_Arc_2,-71.05891129,-34.27899233
Active_Magnetic_Arc_2,-71.10477444,-34.40405194
Active_Magnetic_Arc_2,-71.18921,-34.52782278
Active_Magnetic_Arc_2,-71.23544349,-34.65292337
Active_Magnetic_Arc_2,-71.24523329,-34.81100552
Active_Magnetic_Arc_2,-71.29169453,-34.9361323
Active_Magnetic_Arc_2,-71.33830723,-35.06127427
Active_Magnetic_Arc_2,-71.38518216,-35.1865599
Active_Magnetic_Arc_2,-71.39388086,-35.31366198
Active_Magnetic_Arc_2,-71.40260978,-35.44082482
Active_Magnetic_Arc_2,-71.41135387,-35.56797387
Active_Magnetic_Arc_2,-71.45913514,-35.69384529
Active_Magnetic_Arc_2,-71.50709396,-35.81976535
Active_Magnetic_Arc_2,-71.55522944,-35.94572644
Active_Magnetic_Arc_2,-71.60354339,-36.07173387
Active_Magnetic_Arc_2,-71.65203177,-36.19778358
Active_Magnetic_Arc_2,-71.66359893,-36.3571481
Active_Magnetic_Arc_2,-71.67521567,-36.51659086
Active_Magnetic_Arc_2,-71.72438878,-36.64307502
Active_Magnetic_Arc_2,-71.7342439,-36.77123552
Active_Magnetic_Arc_2,-71.74413995,-36.8994723
Active_Magnetic_Arc_2,-71.75407323,-37.02777231
Active_Magnetic_Arc_2,-71.76404816,-37.1561411
Active_Magnetic_Arc_2,-71.77406106,-37.28457603
Active_Magnetic_Arc_2,-71.78663263,-37.44521186
Active_Magnetic_Arc_2,-71.7992667,-37.60594562
Active_Magnetic_Arc_2,-71.76908864,-37.73590016
Active_Magnetic_Arc_2,-71.78173393,-37.8968015
Active_Magnetic_Arc_2,-71.74900152,-37.99488168
Active_Magnetic_Arc_2,-71.76264435,-38.15744112
Active_Magnetic_Arc_2,-71.73295336,-38.28890977
Active_Magnetic_Arc_2,-71.74387666,-38.41918241
Active_Magnetic_Arc_2,-71.75484928,-38.54955901
Active_Magnetic_Arc_2,-71.76587302,-38.68004164
Active_Magnetic_Arc_2,-71.77971914,-38.84328757
Active_Magnetic_Arc_2,-71.83480321,-39.00540643
Active_Magnetic_Arc_2,-71.84892252,-39.16896844
Active_Magnetic_Arc_2,-71.90164408,-39.29863158
Active_Magnetic_Arc_2,-71.91332515,-39.42994111
Active_Magnetic_Arc_2,-71.92525427,-39.56176044
Active_Magnetic_Arc_2,-71.93723813,-39.6936999
Active_Magnetic_Arc_2,-71.94928041,-39.82575435
Active_Magnetic_Arc_2,-71.96137882,-39.95792233
Active_Magnetic_Arc_2,-71.97353366,-40.09020591
Active_Magnetic_Arc_2,-72.02780635,-40.22129466
Active_Magnetic_Arc_2,-72.04328167,-40.38694545
Active_Magnetic_Arc_2,-72.05887875,-40.5528953
Active_Magnetic_Arc_2,-72.07463246,-40.7190685
Active_Magnetic_Arc_2,-72.08759066,-40.85265051
Active_Magnetic_Arc_2,-72.10085097,-40.98684347
Active_Magnetic_Arc_2,-72.11417505,-41.12121102
Active_Magnetic_Arc_2,-72.12805232,-41.25663096
Active_Magnetic_Arc_2,-72.14199631,-41.39220917
Active_Magnetic_Arc_2,-72.15554307,-41.52695942
Active_Magnetic_Arc_2,-72.21549211,-41.69364944
Active_Magnetic_Arc_2,-72.2324808,-41.86191582
Active_Magnetic_Arc_2,-72.20303225,-41.99858515
Active_Magnetic_Arc_2,-72.2208354,-42.16876831
Active_Magnetic_Arc_2,-72.27908242,-42.30428732
Active_Magnetic_Arc_2,-72.29383376,-42.44123832
Active_Magnetic_Arc_2,-72.30866986,-42.57835063
Active_Magnetic_Arc_2,-72.32409233,-42.71657055
Active_Magnetic_Arc_2,-72.29538646,-42.85650436
Active_Magnetic_Arc_2,-72.22218853,-42.99803029
Active_Magnetic_Arc_2,-72.14819897,-43.13893672
Active_Magnetic_Arc_2,-72.11811435,-43.27788411
Active_Magnetic_Arc_2,-72.04331841,-43.41878441
Active_Magnetic_Arc_2,-71.9235619,-43.56140727
Active_Magnetic_Arc_2,-71.79973006,-43.66977893
Active_Magnetic_Arc_2,-71.61319356,-43.60458855
Active_Magnetic_Arc_2,-71.51075371,-43.46911259
Active_Magnetic_Arc_2,-71.40900655,-43.33392568
Active_Magnetic_Arc_2,-71.30738758,-43.19750859
Active_Magnetic_Arc_2,-71.20924578,-43.09537799
Active_Magnetic_Arc_2,-71.10854921,-42.9586061
Active_Magnetic_Arc_2,-71.0966181,-42.82001713
Active_Magnetic_Arc_2,-71.12886418,-42.6810572
Active_Magnetic_Arc_2,-71.11714721,-42.54343981
Active_Magnetic_Arc_2,-71.14915308,-42.40480929
Active_Magnetic_Arc_2,-71.22451093,-42.26512003
Active_Magnetic_Arc_2,-71.25915622,-42.1613696
Active_Magnetic_Arc_2,-71.29110091,-42.02469427
Active_Magnetic_Arc_2,-71.27680647,-41.85557712
Active_Magnetic_Arc_2,-71.30861174,-41.71946319
Active_Magnetic_Arc_2,-71.34045488,-41.58393084
Active_Magnetic_Arc_2,-71.37213671,-41.44850108
Active_Magnetic_Arc_2,-71.36082417,-41.31427548
Active_Magnetic_Arc_2,-71.34956653,-41.18017636
Active_Magnetic_Arc_2,-71.33790692,-41.04511073
Active_Magnetic_Arc_2,-71.28377626,-40.91120427
Active_Magnetic_Arc_2,-71.22999877,-40.77753071
Active_Magnetic_Arc_2,-71.17721897,-40.64582007
Active_Magnetic_Arc_2,-71.08257598,-40.51538111
Active_Magnetic_Arc_2,-70.98839593,-40.38499248
Active_Magnetic_Arc_2,-71.02040746,-40.2512595
Active_Magnetic_Arc_2,-71.05227287,-40.11763467
Active_Magnetic_Arc_2,-71.12580052,-39.98313109
Active_Magnetic_Arc_2,-71.15733963,-39.84985788
Active_Magnetic_Arc_2,-71.14718878,-39.71785704
Active_Magnetic_Arc_2,-71.13708449,-39.58597103
Active_Magnetic_Arc_2,-71.12702849,-39.45420116
Active_Magnetic_Arc_2,-71.11470175,-39.29006728
Active_Magnetic_Arc_2,-71.10264204,-39.12648941
Active_Magnetic_Arc_2,-71.05201559,-38.99689889
Active_Magnetic_Arc_2,-71.04019166,-38.83359775
Active_Magnetic_Arc_2,-71.02842878,-38.6704528
Active_Magnetic_Arc_2,-70.97854639,-38.54154759
Active_Magnetic_Arc_2,-70.88829256,-38.41393967
Active_Magnetic_Arc_2,-70.79843141,-38.28637008
Active_Magnetic_Arc_2,-70.75150448,-38.19013946
Active_Magnetic_Arc_2,-70.70261628,-38.06151665
Active_Magnetic_Arc_2,-70.73449167,-37.93084107
Active_Magnetic_Arc_2,-70.7664274,-37.80057768
Active_Magnetic_Arc_2,-70.79823185,-37.67037664
Active_Magnetic_Arc_2,-70.78781888,-37.509203
Active_Magnetic_Arc_2,-70.81943435,-37.37916808
Active_Magnetic_Arc_2,-70.81109317,-37.2503995
Active_Magnetic_Arc_2,-70.88232496,-37.1193603
Active_Magnetic_Arc_2,-70.7946219,-36.99328965
Active_Magnetic_Arc_2,-70.70727631,-36.86724876
Active_Magnetic_Arc_2,-70.65985223,-36.74019969
Active_Magnetic_Arc_2,-70.53363536,-36.61525926
Active_Magnetic_Arc_2,-70.44747167,-36.48958085
Active_Magnetic_Arc_2,-70.3617311,-36.36399944
Active_Magnetic_Arc_2,-70.27811438,-36.27053356
Active_Magnetic_Arc_2,-70.31043945,-36.1419697
Active_Magnetic_Arc_2,-70.3427716,-36.0136686
Active_Magnetic_Arc_2,-70.41407111,-35.88443451
Active_Magnetic_Arc_2,-70.44611298,-35.75619381
Active_Magnetic_Arc_2,-70.4391014,-35.62900358
Active_Magnetic_Arc_2,-70.47098487,-35.50085232
Active_Magnetic_Arc_2,-70.46395261,-35.37377591
Active_Magnetic_Arc_2,-70.45694818,-35.24676241
Active_Magnetic_Arc_2,-70.4887668,-35.11893533
Active_Magnetic_Arc_2,-70.4805603,-34.96098564
Active_Magnetic_Arc_2,-70.47238477,-34.80307037
Active_Magnetic_Arc_2,-70.46424365,-34.64519106
Active_Magnetic_Arc_2,-70.38102033,-34.52103601
Active_Magnetic_Arc_2,-70.29813243,-34.39691839
Active_Magnetic_Arc_2,-70.14698218,-34.43306226
Active_Magnetic_Arc_2,-69.99284922,-34.40591312
Active_Magnetic_Arc_2,-69.83746965,-34.34702351
Active_Magnetic_Arc_2,-69.83203185,-34.2208379
Active_Magnetic_Arc_2,-69.82661374,-34.09468079
Active_Magnetic_Arc_2,-69.85916389,-33.96751574
Active_Magnetic_Arc_2,-69.92949968,-33.83931379
Active_Magnetic_Arc_2,-69.92395827,-33.71325244
Active_Magnetic_Arc_2,-69.91855742,-33.58732907
Active_Magnetic_Arc_2,-69.8781223,-33.52542463
Active_Magnetic_Arc_2,-69.82181758,-33.4299997
Active_Magnetic_Arc_2,-69.81304659,-33.40450143
Active_Magnetic_Arc_2,-69.80428238,-33.37900799
Active_Magnetic_Arc_2,-69.79552494,-33.3535173
Active_Magnetic_Arc_2,-69.78677451,-33.32803199
Active_Magnetic_Arc_2,-69.78572203,-33.3023437
Active_Magnetic_Arc_2,-69.77698239,-33.27686647
Active_Magnetic_Arc_2,-69.77593449,-33.25118566
Active_Magnetic_Arc_2,-69.77488727,-33.22550892
Active_Magnetic_Arc_2,-69.77389831,-33.19984945
Active_Magnetic_Arc_2,-69.77278853,-33.17416341
Active_Magnetic_Arc_2,-69.7640227,-33.1487003
Active_Magnetic_Arc_2,-69.76291932,-33.12303538
Active_Magnetic_Arc_2,-69.76181682,-33.09738131
Active_Magnetic_Arc_2,-69.76071535,-33.07173799
Active_Magnetic_Arc_2,-69.75197618,-33.04631591
Active_Magnetic_Arc_2,-69.75100759,-33.02067541
Active_Magnetic_Arc_2,-69.75004091,-32.99502947
Active_Magnetic_Arc_2,-69.74907323,-32.96937997
Active_Magnetic_Arc_2,-69.74810592,-32.94372576
Active_Magnetic_Arc_2,-69.74713976,-32.91806725
Active_Magnetic_Arc_2,-69.74616655,-32.89240725
Active_Magnetic_Arc_2,-69.73755143,-32.86695837
Active_Magnetic_Arc_2,-69.73657426,-32.84129628
Active_Magnetic_Arc_2,-69.66360829,-32.66690672
Active_Magnetic_Arc_2,-69.66071453,-32.58830713
Active_Magnetic_Arc_2,-69.63452185,-32.51035281
Active_Magnetic_Arc_2,-69.63094075,-32.41207363
Active_Magnetic_Arc_2,-69.60485599,-32.33406945
Active_Magnetic_Arc_2,-69.60146507,-32.23552907
Active_Magnetic_Arc_2,-69.57558015,-32.15723411
Active_Magnetic_Arc_2,-69.57288962,-32.07833345
Active_Magnetic_Arc_2,-69.57020339,-31.99940268
Active_Magnetic_Arc_2,-69.54439077,-31.92100172
Active_Magnetic_Arc_2,-69.54106019,-31.82225576
Active_Magnetic_Arc_2,-69.51530326,-31.74377553
Active_Magnetic_Arc_2,-69.51190005,-31.64520205
Active_Magnetic_Arc_2,-69.50921703,-31.56619446
Active_Magnetic_Arc_2,-69.52961837,-31.48656317
Active_Magnetic_Arc_2,-69.52693724,-31.40752709
Active_Magnetic_Arc_2,-69.52425931,-31.32846869
Active_Magnetic_Arc_2,-69.52158693,-31.24938969
Active_Magnetic_Arc_2,-69.54191869,-31.16968152
Active_Magnetic_Arc_2,-69.5852068,-31.08933665
Active_Magnetic_Arc_2,-69.62910939,-31.02875104
Active_Magnetic_Arc_2,-69.71884395,-30.96697764
Active_Magnetic_Arc_2,-69.80990436,-30.94471555
Active_Magnetic_Arc_2,-69.90311569,-30.98175356
Active_Magnetic_Arc_2,-69.97343094,-31.01937397
Active_Magnetic_Arc_2,-70.02234313,-31.0971661
Active_Magnetic_Arc_2,-70.04910199,-31.19536021
Active_Magnetic_Arc_2,-70.07365254,-31.23414738
Active_Magnetic_Arc_2,-70.14346883,-31.25174029
Active_Magnetic_Arc_2,-69.92739474,-31.10076672
Active_Magnetic_Arc_3,-76.50874382,3.044803372
Active_Magnetic_Arc_3,-76.51867514,3.030804142
Active_Magnetic_Arc_3,-76.52877962,3.023712698
Active_Magnetic_Arc_3,-76.54230787,3.016542569
Active_Magnetic_Arc_3,-76.55583584,3.009372266
Active_Magnetic_Arc_3,-76.56944808,3.005629466
Active_Magnetic_Arc_3,-76.58306022,3.001886397
Active_Magnetic_Arc_3,-76.60001222,2.994636621
Active_Magnetic_Arc_3,-76.61011427,2.987539964
Active_Magnetic_Arc_3,-76.62714474,2.983693927
Active_Magnetic_Arc_3,-76.67777008,2.958056263
Active_Magnetic_Arc_3,-76.68073386,2.940753563
Active_Magnetic_Arc_3,-76.68036691,2.926978998
Active_Magnetic_Arc_3,-76.68332113,2.909660514
Active_Magnetic_Arc_3,-76.68645811,2.899230836
Active_Magnetic_Arc_3,-76.6894102,2.881922272
Active_Magnetic_Arc_3,-76.69236139,2.864619744
Active_Magnetic_Arc_3,-76.69540338,2.8507614
Active_Magnetic_Arc_3,-76.70526331,2.836701625
Active_Magnetic_Arc_3,-76.71862009,2.825980934
Active_Magnetic_Arc_3,-76.73528695,2.811729985
Active_Magnetic_Arc_3,-76.74183961,2.801266311
Active_Magnetic_Arc_3,-76.75520338,2.790601801
Active_Magnetic_Arc_3,-76.76856319,2.779939927
Active_Magnetic_Arc_3,-76.77502313,2.766063876
Active_Magnetic_Arc_3,-76.77799001,2.748872886
Active_Magnetic_Arc_3,-76.78104388,2.735102105
Active_Magnetic_Arc_3,-76.78754698,2.721314166
Active_Magnetic_Arc_3,-76.79408785,2.70758929
Active_Magnetic_Arc_3,-76.80401757,2.693736106
Active_Magnetic_Arc_3,-76.81394842,2.679881329
Active_Magnetic_Arc_3,-76.82049314,2.666148538
Active_Magnetic_Arc_3,-76.82703938,2.652412373
Active_Magnetic_Arc_3,-76.83018675,2.638777588
Active_Magnetic_Arc_3,-76.83659565,2.624847316
Active_Magnetic_Arc_3,-76.84975305,2.610659648
Active_Magnetic_Arc_3,-76.85970143,2.603438612
Active_Magnetic_Arc_3,-76.87301562,2.596091096
Active_Magnetic_Arc_3,-76.88642899,2.588872092
Active_Magnetic_Arc_3,-76.89986761,2.581685684
Active_Magnetic_Arc_3,-76.91337927,2.577898004
Active_Magnetic_Arc_3,-76.93028415,2.574013724
Active_Magnetic_Arc_3,-76.94039511,2.570324418
Active_Magnetic_Arc_3,-76.9539957,2.563303214
Active_Magnetic_Arc_3,-76.96408881,2.552937386
Active_Magnetic_Arc_3,-76.97418565,2.542567494
Active_Magnetic_Arc_3,-76.98428648,2.532193066
Active_Magnetic_Arc_3,-76.9943836,2.52180949
Active_Magnetic_Arc_3,-77.00434163,2.507964864
Active_Magnetic_Arc_3,-77.01082722,2.4941554
Active_Magnetic_Arc_3,-77.02082307,2.483682183
Active_Magnetic_Arc_3,-77.03060409,2.469708559
Active_Magnetic_Arc_3,-77.04395428,2.459116705
Active_Magnetic_Arc_3,-77.05379048,2.44854614
Active_Magnetic_Arc_3,-77.06345325,2.434521593
Active_Magnetic_Arc_3,-77.06983474,2.424025316
Active_Magnetic_Arc_3,-77.0761512,2.410141817
Active_Magnetic_Arc_3,-77.08274105,2.396412868
Active_Magnetic_Arc_3,-77.08595886,2.38278088
Active_Magnetic_Arc_3,-77.09255234,2.369042599
Active_Magnetic_Arc_3,-77.10252207,2.355199909
Active_Magnetic_Arc_3,-77.10912163,2.344825223
Active_Magnetic_Arc_3,-77.11904951,2.334331375
Active_Magnetic_Arc_3,-77.13239083,2.327130589
Active_Magnetic_Arc_3,-77.16754,2.295178559
Active_Magnetic_Arc_3,-77.19570753,2.273020639
Active_Magnetic_Arc_3,-77.20931437,2.243967721
Active_Magnetic_Arc_3,-77.21582793,2.215210999
Active_Magnetic_Arc_3,-77.22234281,2.186451836
Active_Magnetic_Arc_3,-77.23617468,2.164637657
Active_Magnetic_Arc_3,-77.26447758,2.149577621
Active_Magnetic_Arc_3,-77.30009137,2.141466693
Active_Magnetic_Arc_3,-77.32123513,2.12660135
Active_Magnetic_Arc_3,-77.34204023,2.097424464
Active_Magnetic_Arc_3,-77.36315528,2.075568155
Active_Magnetic_Arc_3,-77.39133893,2.046437601
Active_Magnetic_Arc_3,-77.41231179,2.0174164
Active_Magnetic_Arc_3,-77.43346373,1.995550495
Active_Magnetic_Arc_3,-77.45444969,1.966510055
Active_Magnetic_Arc_3,-77.46838599,1.944754167
Active_Magnetic_Arc_3,-77.48955583,1.922865212
Active_Magnetic_Arc_3,-77.51787145,1.900762222
Active_Magnetic_Arc_3,-77.53892402,1.878756431
Active_Magnetic_Arc_3,-77.55997805,1.856748147
Active_Magnetic_Arc_3,-77.58083832,1.827550532
Active_Magnetic_Arc_3,-77.60189391,1.805537721
Active_Magnetic_Arc_3,-77.62275574,1.776335949
Active_Magnetic_Arc_3,-77.64359162,1.747116202
Active_Magnetic_Arc_3,-77.67181059,1.724911443
Active_Magnetic_Arc_3,-77.69259671,1.695664129
Active_Magnetic_Arc_3,-77.71383168,1.680816401
Active_Magnetic_Arc_3,-77.73463401,1.651579053
Active_Magnetic_Arc_3,-77.75543568,1.622342519
Active_Magnetic_Arc_3,-77.76922937,1.600454731
Active_Magnetic_Arc_3,-77.79002778,1.571220437
Active_Magnetic_Arc_3,-77.81104559,1.549177409
Active_Magnetic_Arc_3,-77.83184145,1.51994411
Active_Magnetic_Arc_3,-77.85263629,1.490712093
Active_Magnetic_Arc_3,-77.87365257,1.468668517
Active_Magnetic_Arc_3,-77.89466862,1.446624379
Active_Magnetic_Arc_3,-77.90823084,1.41755581
Active_Magnetic_Arc_3,-77.92177312,1.3884865
Active_Magnetic_Arc_3,-77.94253006,1.359254231
Active_Magnetic_Arc_3,-77.96328506,1.33002442
Active_Magnetic_Arc_3,-77.98425439,1.30083417
Active_Magnetic_Arc_3,-77.9981951,1.278982246
Active_Magnetic_Arc_3,-78.01193751,1.249950317
Active_Magnetic_Arc_3,-78.02568152,1.220914504
Active_Magnetic_Arc_3,-78.03942693,1.191874933
Active_Magnetic_Arc_3,-78.06038498,1.162658218
Active_Magnetic_Arc_3,-78.07406868,1.133607494
Active_Magnetic_Arc_3,-78.08775238,1.104555607
Active_Magnetic_Arc_3,-78.10143647,1.07550255
Active_Magnetic_Arc_3,-78.11511355,1.046448311
Active_Magnetic_Arc_3,-78.12877545,1.017393457
Active_Magnetic_Arc_3,-78.14243582,0.9883383878
Active_Magnetic_Arc_3,-78.14885209,0.9594623146
Active_Magnetic_Arc_3,-78.15514218,0.9305971028
Active_Magnetic_Arc_3,-78.1613768,0.9017425375
Active_Magnetic_Arc_3,-78.18220875,0.8725192385
Active_Magnetic_Arc_3,-78.20330911,0.8504590809
Active_Magnetic_Arc_3,-78.22414088,0.8212338788
Active_Magnetic_Arc_3,-78.23793881,0.7993633549
Active_Magnetic_Arc_3,-78.25877002,0.7701383506
Active_Magnetic_Arc_3,-78.26498855,0.7413096455
Active_Magnetic_Arc_3,-78.27850996,0.7122890417
Active_Magnetic_Arc_3,-78.29186914,0.6760978616
Active_Magnetic_Arc_3,-78.31257263,0.6396974339
Active_Magnetic_Arc_3,-78.33352179,0.6104509555
Active_Magnetic_Arc_3,-78.3547198,0.5883565951
Active_Magnetic_Arc_3,-78.37567474,0.5591019132
Active_Magnetic_Arc_3,-78.38956399,0.537211531
Active_Magnetic_Arc_3,-78.41043593,0.5079749874
Active_Magnetic_Arc_3,-78.4312439,0.4787553408
Active_Magnetic_Arc_3,-78.43751976,0.4499433593
Active_Magnetic_Arc_3,-78.45105893,0.4209329103
Active_Magnetic_Arc_3,-78.47208914,0.3916457323
Active_Magnetic_Arc_3,-78.4785997,0.3627632267
Active_Magnetic_Arc_3,-78.49268931,0.3407986845
Active_Magnetic_Arc_3,-78.5141651,0.3185794472
Active_Magnetic_Arc_3,-78.53565047,0.2963500307
Active_Magnetic_Arc_3,-78.5423212,0.2673911866
Active_Magnetic_Arc_3,-78.54899276,0.2384269334
Active_Magnetic_Arc_3,-78.55566548,0.2094578472
Active_Magnetic_Arc_3,-78.55515302,0.1806611387
Active_Magnetic_Arc_3,-78.55479402,0.151793834
Active_Magnetic_Arc_3,-78.55443578,0.122916956
Active_Magnetic_Arc_3,-78.56134023,0.09381977428
Active_Magnetic_Arc_3,-78.5682468,0.06471120522
Active_Magnetic_Arc_3,-78.58233538,0.02814897882
Active_Magnetic_Arc_3,-78.58923679,-0.0009784494971
Active_Magnetic_Arc_3,-78.60284901,-0.03732779454
Active_Magnetic_Arc_3,-78.60937895,-0.0662800775
Active_Magnetic_Arc_3,-78.61609322,-0.08804869355
Active_Magnetic_Arc_3,-78.62243884,-0.1241865326
Active_Magnetic_Arc_3,-78.62151654,-0.1601056542
Active_Magnetic_Arc_3,-78.62823139,-0.1818760026
Active_Magnetic_Arc_3,-78.62730866,-0.2177926203
Active_Magnetic_Arc_3,-78.63403296,-0.2395698374
Active_Magnetic_Arc_3,-78.64769594,-0.275959885
Active_Magnetic_Arc_3,-78.65444411,-0.2977530112
Active_Magnetic_Arc_3,-78.66810964,-0.3341497833
Active_Magnetic_Arc_3,-78.67484787,-0.355941883
Active_Magnetic_Arc_3,-78.68137394,-0.3848989153
Active_Magnetic_Arc_3,-78.68064444,-0.413639223
Active_Magnetic_Arc_3,-78.68717103,-0.4425965178
Active_Magnetic_Arc_3,-78.6862591,-0.4785197351
Active_Magnetic_Arc_3,-78.69278554,-0.5074767588
Active_Magnetic_Arc_3,-78.69931181,-0.5364338605
Active_Magnetic_Arc_3,-78.72761033,-0.5660558475
Active_Magnetic_Arc_3,-78.74157851,-0.5880534349
Active_Magnetic_Arc_3,-78.74810634,-0.6170146153
Active_Magnetic_Arc_3,-78.75433413,-0.6603893315
Active_Magnetic_Arc_3,-78.76835857,-0.689759703
Active_Magnetic_Arc_3,-78.77519364,-0.7189573826
Active_Magnetic_Arc_3,-78.77470726,-0.7478914864
Active_Magnetic_Arc_3,-78.77429088,-0.776886069
Active_Magnetic_Arc_3,-78.77387447,-0.8058875537
Active_Magnetic_Arc_3,-78.77345781,-0.8348949658
Active_Magnetic_Arc_3,-78.76566663,-0.8635891359
Active_Magnetic_Arc_3,-78.76524908,-0.8926077838
Active_Magnetic_Arc_3,-78.76472702,-0.9288902488
Active_Magnetic_Arc_3,-78.76420469,-0.9651825839
Active_Magnetic_Arc_3,-78.7563046,-1.001154085
Active_Magnetic_Arc_3,-78.75578064,-1.037464131
Active_Magnetic_Arc_3,-78.75510283,-1.073642004
Active_Magnetic_Arc_3,-78.74711791,-1.10218801
Active_Magnetic_Arc_3,-78.73920408,-1.130799965
Active_Magnetic_Arc_3,-78.73128956,-1.159410709
Active_Magnetic_Arc_3,-78.71610632,-1.187781193
Active_Magnetic_Arc_3,-78.70819265,-1.216389535
Active_Magnetic_Arc_3,-78.70027883,-1.24499691
Active_Magnetic_Arc_3,-78.69236579,-1.27360298
Active_Magnetic_Arc_3,-78.66281025,-1.294268518
Active_Magnetic_Arc_3,-78.62665656,-1.293247304
Active_Magnetic_Arc_3,-78.60515398,-1.307617783
Active_Magnetic_Arc_3,-78.59071871,-1.336813338
Active_Magnetic_Arc_3,-78.59053962,-1.373604477
Active_Magnetic_Arc_3,-78.58324347,-1.402945608
Active_Magnetic_Arc_3,-78.56168985,-1.424747888
Active_Magnetic_Arc_3,-78.53306258,-1.424319018
Active_Magnetic_Arc_3,-78.49730293,-1.416402524
Active_Magnetic_Arc_3,-78.46158228,-1.401112988
Active_Magnetic_Arc_3,-78.43298492,-1.393312426
Active_Magnetic_Arc_3,-78.40433662,-1.392878633
Active_Magnetic_Arc_3,-78.38277373,-1.385030245
Active_Magnetic_Arc_3,-78.35399939,-1.369577025
Active_Magnetic_Arc_3,-78.32523314,-1.354127892
Active_Magnetic_Arc_3,-78.30369083,-1.338862264
Active_Magnetic_Arc_3,-78.26760926,-1.337961025
Active_Magnetic_Arc_3,-78.23880347,-1.329878576
Active_Magnetic_Arc_3,-78.21733726,-1.307260243
Active_Magnetic_Arc_3,-78.18860444,-1.291825178
Active_Magnetic_Arc_3,-78.15986117,-1.283812536
Active_Magnetic_Arc_3,-78.11830731,-1.173478971
Active_Magnetic_Arc_3,-78.13295627,-1.151854055
Active_Magnetic_Arc_3,-78.12618617,-1.122538565
Active_Magnetic_Arc_3,-78.12658805,-1.093366774
Active_Magnetic_Arc_3,-78.12699052,-1.064204888
Active_Magnetic_Arc_3,-78.1273906,-1.027639275
Active_Magnetic_Arc_3,-78.12775615,-0.9910499989
Active_Magnetic_Arc_3,-78.12812123,-0.9544816879
Active_Magnetic_Arc_3,-78.12848679,-0.9179347551
Active_Magnetic_Arc_3,-78.12169209,-0.8812693714
Active_Magnetic_Arc_3,-78.12914326,-0.8522035285
Active_Magnetic_Arc_3,-78.12943483,-0.8230119132
Active_Magnetic_Arc_3,-78.12972615,-0.7938338492
Active_Magnetic_Arc_3,-78.13011937,-0.7647801132
Active_Magnetic_Arc_3,-78.13054887,-0.735775591
Active_Magnetic_Arc_3,-78.13097829,-0.7067795185
Active_Magnetic_Arc_3,-78.1315569,-0.6705900733
Active_Magnetic_Arc_3,-78.13213954,-0.6344172738
Active_Magnetic_Arc_3,-78.13272227,-0.5982561643
Active_Magnetic_Arc_3,-78.14036626,-0.5695127469
Active_Magnetic_Arc_3,-78.14094684,-0.5333726271
Active_Magnetic_Arc_3,-78.1414118,-0.5044691099
Active_Magnetic_Arc_3,-78.14905126,-0.4757499447
Active_Magnetic_Arc_3,-78.14234303,-0.4466865953
Active_Magnetic_Arc_3,-78.15781548,-0.4114106241
Active_Magnetic_Arc_3,-78.15114848,-0.3897096319
Active_Magnetic_Arc_3,-78.15917824,-0.3613340303
Active_Magnetic_Arc_3,-78.15992286,-0.3253734064
Active_Magnetic_Arc_3,-78.16044913,-0.2965538923
Active_Magnetic_Arc_3,-78.16110642,-0.2605371321
Active_Magnetic_Arc_3,-78.14713183,-0.2312589486
Active_Magnetic_Arc_3,-78.13316206,-0.2019920239
Active_Magnetic_Arc_3,-78.1119527,-0.1725038421
Active_Magnetic_Arc_3,-78.09062034,-0.1502227454
Active_Magnetic_Arc_3,-78.06205689,-0.1277210393
Active_Magnetic_Arc_3,-78.03345518,-0.1197707415
Active_Magnetic_Arc_3,-78.00509341,-0.1119986867
Active_Magnetic_Arc_3,-77.96247437,-0.1039344913
Active_Magnetic_Arc_3,-77.94149697,-0.08191733201
Active_Magnetic_Arc_3,-77.92778229,-0.05285435833
Active_Magnetic_Arc_3,-77.92119547,-0.02394157702
Active_Magnetic_Arc_3,-77.9074784,0.005119322089
Active_Magnetic_Arc_3,-77.88661066,0.03434315119
Active_Magnetic_Arc_3,-77.87274265,0.05622193298
Active_Magnetic_Arc_3,-77.85187836,0.08544082606
Active_Magnetic_Arc_3,-77.852397,0.114203952
Active_Magnetic_Arc_3,-77.83853333,0.1360750079
Active_Magnetic_Arc_3,-77.80289667,0.1368327972
Active_Magnetic_Arc_3,-77.7742483,0.1302485009
Active_Magnetic_Arc_3,-77.73832707,0.1166209894
Active_Magnetic_Arc_3,-77.71679445,0.1098808151
Active_Magnetic_Arc_3,-77.68124274,0.1178408142
Active_Magnetic_Arc_3,-77.6529433,0.132855744
Active_Magnetic_Arc_3,-77.63920184,0.1619418332
Active_Magnetic_Arc_3,-77.63274149,0.1980556622
Active_Magnetic_Arc_3,-77.63328772,0.2268126997
Active_Magnetic_Arc_3,-77.6266931,0.2557219749
Active_Magnetic_Arc_3,-77.62011986,0.284611455
Active_Magnetic_Arc_3,-77.6136135,0.3134544995
Active_Magnetic_Arc_3,-77.60710757,0.3422957861
Active_Magnetic_Arc_3,-77.60061684,0.3711259642
Active_Magnetic_Arc_3,-77.60141657,0.4069666695
Active_Magnetic_Arc_3,-77.59493422,0.4357894681
Active_Magnetic_Arc_3,-77.59589414,0.4787904613
Active_Magnetic_Arc_3,-77.58941253,0.507610196
Active_Magnetic_Arc_3,-77.58293105,0.5364293201
Active_Magnetic_Arc_3,-77.58373124,0.572254028
Active_Magnetic_Arc_3,-77.58419717,0.5937514928
Active_Magnetic_Arc_3,-77.57754656,0.6298524475
Active_Magnetic_Arc_3,-77.57079442,0.6587525609
Active_Magnetic_Arc_3,-77.56415206,0.6948112246
Active_Magnetic_Arc_3,-77.55742102,0.7164712524
Active_Magnetic_Arc_3,-77.54376488,0.745437133
Active_Magnetic_Arc_3,-77.52311304,0.7817301438
Active_Magnetic_Arc_3,-77.49478362,0.7967440217
Active_Magnetic_Arc_3,-77.4737949,0.8187286857
Active_Magnetic_Arc_3,-77.45280825,0.8407107959
Active_Magnetic_Arc_3,-77.43916028,0.8696633058
Active_Magnetic_Arc_3,-77.43267794,0.8984370712
Active_Magnetic_Arc_3,-77.43336105,0.9270336948
Active_Magnetic_Arc_3,-77.43404411,0.955629588
Active_Magnetic_Arc_3,-77.43472702,0.9842246305
Active_Magnetic_Arc_3,-77.43541011,1.012819154
Active_Magnetic_Arc_3,-77.42193417,1.048908852
Active_Magnetic_Arc_3,-77.40818066,1.07070156
Active_Magnetic_Arc_3,-77.40897601,1.099300571
Active_Magnetic_Arc_3,-77.40997037,1.135057853
Active_Magnetic_Arc_3,-77.40340061,1.15668892
Active_Magnetic_Arc_3,-77.39683016,1.178323064
Active_Magnetic_Arc_3,-77.3685603,1.193319411
Active_Magnetic_Arc_3,-77.340099,1.201161296
Active_Magnetic_Arc_3,-77.31921908,1.223146598
Active_Magnetic_Arc_3,-77.32019937,1.258930255
Active_Magnetic_Arc_3,-77.32098449,1.287564297
Active_Magnetic_Arc_3,-77.32216139,1.33052578
Active_Magnetic_Arc_3,-77.30842997,1.352356884
Active_Magnetic_Arc_3,-77.29485206,1.381338702
Active_Magnetic_Arc_3,-77.27370217,1.396158311
Active_Magnetic_Arc_3,-77.24464987,1.382510857
Active_Magnetic_Arc_3,-77.22240708,1.354384232
Active_Magnetic_Arc_3,-77.22149299,1.318602212
Active_Magnetic_Arc_3,-77.19263626,1.312120424
Active_Magnetic_Arc_3,-77.18637992,1.348066778
Active_Magnetic_Arc_3,-77.18710875,1.376692112
Active_Magnetic_Arc_3,-77.18066936,1.405486876
Active_Magnetic_Arc_3,-77.18161458,1.441294092
Active_Magnetic_Arc_3,-77.17520167,1.470111276
Active_Magnetic_Arc_3,-77.16878782,1.4989323
Active_Magnetic_Arc_3,-77.14803162,1.5280862
Active_Magnetic_Arc_3,-77.12708554,1.550075648
Active_Magnetic_Arc_3,-77.10613894,1.572065074
Active_Magnetic_Arc_3,-77.08537829,1.601221692
Active_Magnetic_Arc_3,-77.06424331,1.616044283
Active_Magnetic_Arc_3,-77.03612544,1.638196572
Active_Magnetic_Arc_3,-77.01499083,1.653017561
Active_Magnetic_Arc_3,-76.99404142,1.675006438
Active_Magnetic_Arc_3,-76.96591778,1.697148617
Active_Magnetic_Arc_3,-76.94496282,1.719130908
Active_Magnetic_Arc_3,-76.91665684,1.734100644
Active_Magnetic_Arc_3,-76.89570223,1.756080968
Active_Magnetic_Arc_3,-76.86040061,1.778348809
Active_Magnetic_Arc_3,-76.83925725,1.79313821
Active_Magnetic_Arc_3,-76.81846803,1.822246825
Active_Magnetic_Arc_3,-76.80466767,1.844038052
Active_Magnetic_Arc_3,-76.79121958,1.880149809
Active_Magnetic_Arc_3,-76.7847591,1.908947384
Active_Magnetic_Arc_3,-76.77095834,1.930736407
Active_Magnetic_Arc_3,-76.76449707,1.959534133
Active_Magnetic_Arc_3,-76.7580354,1.988332826
Active_Magnetic_Arc_3,-76.72990744,2.010421153
Active_Magnetic_Arc_3,-76.70160797,2.025344565
Active_Magnetic_Arc_3,-76.67313761,2.033104719
Active_Magnetic_Arc_3,-76.6448458,2.048023307
Active_Magnetic_Arc_3,-76.61639918,2.055883876
Active_Magnetic_Arc_3,-76.58812789,2.070935444
Active_Magnetic_Arc_3,-76.55985526,2.086013839
Active_Magnetic_Arc_3,-76.53157728,2.101094198
Active_Magnetic_Arc_3,-76.51062327,2.123126723
Active_Magnetic_Arc_3,-76.49699602,2.152107319
Active_Magnetic_Arc_3,-76.48336799,2.181088654
Active_Magnetic_Arc_3,-76.46973874,2.21007097
Active_Magnetic_Arc_3,-76.44877736,2.232089389
Active_Magnetic_Arc_3,-76.42048228,2.247143812
Active_Magnetic_Arc_3,-76.38519453,2.269539453
Active_Magnetic_Arc_3,-76.36388219,2.277255128
Active_Magnetic_Arc_3,-76.30373602,2.359576878
Active_Magnetic_Arc_3,-76.21595729,2.451135354
Active_Magnetic_Arc_3,-76.12818495,2.54267019
Active_Magnetic_Arc_3,-76.0712508,2.663465236
Active_Magnetic_Arc_3,-76.01448084,2.784385482
Active_Magnetic_Arc_3,-75.95793724,2.90551622
Active_Magnetic_Arc_3,-75.90166298,3.026946684
Active_Magnetic_Arc_3,-75.81545434,3.149145473
Active_Magnetic_Arc_3,-75.78921143,3.270091606
Active_Magnetic_Arc_3,-75.76295138,3.391083098
Active_Magnetic_Arc_3,-75.73667472,3.512120453
Active_Magnetic_Arc_3,-75.7103824,3.633201079
Active_Magnetic_Arc_3,-75.68407137,3.754325799
Active_Magnetic_Arc_3,-75.62676537,3.84598485
Active_Magnetic_Arc_3,-75.53937967,3.938283758
Active_Magnetic_Arc_3,-75.45287408,4.060739066
Active_Magnetic_Arc_3,-75.42554544,4.15182567
Active_Magnetic_Arc_3,-75.54490196,4.119193338
Active_Magnetic_Arc_3,-75.6633254,4.056382446
Active_Magnetic_Arc_3,-75.8117973,3.992923649
Active_Magnetic_Arc_3,-75.90105912,3.960866154
Active_Magnetic_Arc_3,-76.01982574,3.89848476
Active_Magnetic_Arc_3,-76.10660988,3.776449815
Active_Magnetic_Arc_3,-76.16412431,3.685041394
Active_Magnetic_Arc_3,-76.22064382,3.563495647
Active_Magnetic_Arc_3,-76.24692565,3.442470865
Active_Magnetic_Arc_3,-76.47674851,3.077013625
Active_Magnetic_Arc_3,-76.50874382,3.044803372
Active_Magnetic_Arc_4,-75.13633275,5.172142356
Active_Magnetic_Arc_4,-75.12438226,5.138855932
Active_Magnetic_Arc_4,-75.08998572,5.106099299
Active_Magnetic_Arc_4,-75.03088039,4.984699109
Active_Magnetic_Arc_4,-74.98609594,4.996986347
Active_Magnetic_Arc_4,-74.94128342,5.009278167
Active_Magnetic_Arc_4,-74.89698077,5.043917594
Active_Magnetic_Arc_4,-74.85238272,5.067397168
Active_Magnetic_Arc_4,-74.80802947,5.102060826
Active_Magnetic_Arc_4,-74.76373504,5.136679072
Active_Magnetic_Arc_4,-74.7193038,5.160024467
Active_Magnetic_Arc_4,-74.69777596,5.205303758
Active_Magnetic_Arc_4,-74.67624318,5.250585988
Active_Magnetic_Arc_4,-74.6659312,5.295639091
Active_Magnetic_Arc_4,-74.66684338,5.340466796
Active_Magnetic_Arc_4,-74.65656842,5.385493831
Active_Magnetic_Arc_4,-74.65793734,5.441321339
Active_Magnetic_Arc_4,-74.65930657,5.497127967
Active_Magnetic_Arc_4,-74.66041674,5.553197675
Active_Magnetic_Arc_4,-74.66152711,5.609280768
Active_Magnetic_Arc_4,-74.67370087,5.65386909
Active_Magnetic_Arc_4,-74.67461449,5.698722719
Active_Magnetic_Arc_4,-74.68680164,5.743310012
Active_Magnetic_Arc_4,-74.68771416,5.788178754
Active_Magnetic_Arc_4,-74.67732782,5.833362333
Active_Magnetic_Arc_4,-74.6782215,5.878273426
Active_Magnetic_Arc_4,-74.65676491,5.934993991
Active_Magnetic_Arc_4,-74.64614332,5.968978169
Active_Magnetic_Arc_4,-74.70258325,5.967546941
Active_Magnetic_Arc_4,-74.77028783,5.965821917
Active_Magnetic_Arc_4,-74.81518071,5.953439331
Active_Magnetic_Arc_4,-74.84901321,5.952572641
Active_Magnetic_Arc_4,-74.90489545,5.928728521
Active_Magnetic_Arc_4,-74.93845936,5.916670304
Active_Magnetic_Arc_4,-74.98304021,5.893117666
Active_Magnetic_Arc_4,-75.02760534,5.86956769
Active_Magnetic_Arc_4,-75.07215455,5.846020319
Active_Magnetic_Arc_4,-75.10494612,5.80034304
Active_Magnetic_Arc_4,-75.12671756,5.766162552
Active_Magnetic_Arc_4,-75.13698799,5.721064767
Active_Magnetic_Arc_4,-75.14725461,5.675975126
Active_Magnetic_Arc_4,-75.14627328,5.631171692
Active_Magnetic_Arc_4,-75.15654317,5.586074522
Active_Magnetic_Arc_4,-75.15532759,5.530058017
Active_Magnetic_Arc_4,-75.15411198,5.474054913
Active_Magnetic_Arc_4,-75.15338304,5.44045982
Active_Magnetic_Arc_4,-75.15216855,5.384478638
Active_Magnetic_Arc_4,-75.13730093,5.216885159
Active_Magnetic_Arc_4,-75.13633275,5.172142356